Feature,Coefficient,Importance
cat__industry_Retail,8.934480789399826,8.934480789399826
cat__industry_Manufacturing,-7.735015971077067,7.735015971077067
num__created_quarter,7.698522871528323,7.698522871528323
num__created_month,-5.777889406613084,5.777889406613084
cat__industry_Finance,5.223915860893427,5.223915860893427
num__market_rating,4.395172282161923,4.395172282161923
cat__industry_Healthcare,-4.278220991277829,4.278220991277829
cat__country_USA,2.3976008588134485,2.3976008588134485
cat__country_Germany,-2.368548841929913,2.368548841929913
cat__region_Europe,-2.3685488419299094,2.3685488419299094
cat__industry_Technology,-2.145159687938345,2.145159687938345
cat__country_Canada,-1.4798420780988468,1.4798420780988468
cat__country_India,1.4507900612153184,1.4507900612153184
cat__region_Asia,1.4507900612153168,1.4507900612153168
num__founded_year,-1.403983394893394,1.403983394893394
num__company_age,1.347896885207757,1.347896885207757
num__profit_margin_percent,1.0872902698986728,1.0872902698986728
cat__region_North America,0.9177587807145902,0.9177587807145902
num__employee_count,-0.9126305071896403,0.9126305071896403
num__customer_count,-0.7952072002809694,0.7952072002809694
